{
  "mode": "single",
  "amp": true,
  "epoch_1": {
    "loss": 2.304167511367798,
    "acc": 0.0978,
    "throughput_sps": 872.9987418448127
  },
  "epoch_2": {
    "loss": 2.297946079940796,
    "acc": 0.1155,
    "throughput_sps": 936.8087613511316
  }
}